{
    "mobileMsgsModel": {
        "header": "EyeOnTask",
        "sub_header": "An app for FieldWorkers",
        "user_name_hint": "User Name",
        "inCorrect_user_name": "Please enter valid username",
        "next_btn": "Next",
        "password_error": "Please enter password",
        "login_btn": "Login",
        "rmbr_me": "Remember me",
        "use_another_account": "Use another account",
        "frgt_pass_btn": "Forgot Password ?",
        "forgot_screen_title": "Forgot Password",
        "pass_word_recvry": "Password Recovery",
        "pass_desc": "Please provide us your username and we will send you a link on your associated  email address where you can choose a new password.",
        "back_btn_to_lgn": "Back to login",
        "alrdy_key": "Already have key",
        "reset_pass_btn": "Reset password",
        "pass_resey": "Password reset key",
        "key": "Please enter key",
        "frgt_pass_match": "Password does not match",
        "empty_client_list": "No client found",
        "client_name": "Client Name",
        "Account_type": "Account Type",
        "client_email": "Email ID",
        "mob_no": "Mobile Number",
        "gst_no": "GST No",
        "tin_no": "TIN No",
        "industry": "Industry",
        "state": "State",
        "save_btn": "Save",
        "industries": "Industries",
        "accounting": "Accounting",
        "advertising": "Advertising",
        "biotechnology": "Biotechnology",
        "communication": "Communication",
        "consulting": "Consulting",
        "email_empty": "Please enter email id",
        "email_error": "Please enter valid email",
        "c_e_mob": "Please enter mobile number",
        "country_error": "Please enter country",
        "state_error": "Please enter state",
        "status_radio_btn": "Status",
        "active_radio_btn": "Active",
        "inactive_radio_btn": "Inactive",
        "fax": "Fax",
        "skype": "Skype",
        "twitter": "Twitter",
        "cont_name": "Please enter contact name",
        "site_name": "Site Name",
        "site_default_checkBox": "Default Site",
        "err_site_name": "Please enter site name",
        "jobs_screen_title": "JOBS",
        "pm": "PM",
        "am": "AM",
        "sort_by_date": "Sort by Date",
        "sort_by_recent": "Sort by Recent",
        "search_job_code_client_name_address": "Search by Job Code, Client Name,  Address",
        "format_problem": "Something went wrong here,can you please try again?.",
        "job_no_available": "Sorry, This job EOT_VAR is no longer available",
        "err_no_jobs_found": "No Jobs Found",
        "jobs": "Jobs",
        "clients": "Clients",
        "logout": "Logout",
        "err_check_network": "Please check your internet connection.",
        "filter_tasks_screen_title": "Filter Tasks",
        "job_status": "Job Status",
        "reset": "Reset",
        "filter": "Filter",
        "err_filter_button": "Please select atleast one filter option",
        "sites_screen_title": "Projects/Sites",
        "search": "Search...",
        "add_site_screen_title": "Add Project/Site",
        "address": "Address",
        "default_contact": "Default Contact",
        "submit_btn": "Submit",
        "site_add": "Project/Site added successfully",
        "edit_site_screen_title": "Edit Project/Site",
        "update_btn": "Update",
        "site_update": "Project/Site updated successfully",
        "title_add_job": "Add New Job",
        "Job_title": "Job Type/Services",
        "job_desc": "Job Description",
        "job_priority": "Job Priority",
        "job_inst": "Job Instruction",
        "client_mand": "Client",
        "contact_name": "Contact Name",
        "alt_mobile_number": "Alternate Mobile Number",
        "email": "Email ID",
        "country": "Country",
        "city": "City",
        "postal_code": "Postal Code",
        "assign_to": "Assign To :",
        "shdl_start": "Schedule Start",
        "shdl_end": "Schedule End",
        "date_form": "DD-MM-YY",
        "time_form": "HH:MM",
        "tag": "Tag",
        "add": "Add",
        "items_selected": "Items selected",
        "self_key": "Self",
        "clear": "Clear",
        "err_job_title": "Please enter Job Type/Services",
        "err_client_name": "Please enter client name",
        "err_mob_lent": "Please enter at least 8 digit mobile number",
        "err_alter_mob_lent": "Please enter at least 8 digit Alternate number",
        "err_addr": "Please enter address",
        "err_empty_Title": "Title not available",
        "err_start_end_date": "start date must be greater then end date",
        "err_due_start_date": "due date must be greater then start date",
        "err_start_end_time": "Schedule start time must be less than schedule end time.",
        "err_due_start_time": "due time must be greater then start time",
        "title_detail": "Job Detail",
        "not_available": "Not available",
        "location": "Location",
        "map": "Map",
        "view": "View",
        "no_desc": "No Description",
        "instr": "Instruction",
        "no_instr": "No Instruction",
        "fieldworkers": "Fieldworker(s)",
        "no_fw_available": "No FieldWorker Available",
        "tags": "Tags",
        "no_tag": "No Tags",
        "status_dialog": "Status change",
        "job_status_change": "Are you sure you want to change the job status ?",
        "dialog_alert": "Alert !",
        "job_det_email": "Email-id not available for this job",
        "desc_no": "Description not available",
        "no_inst": "Instructions not available",
        "no_avail": "No chat to display",
        "ok": "Ok",
        "no_contact_available": "No contact available",
        "low": "Low",
        "medium": "Medium",
        "high": "High",
        "no_Item_generate_inv": "No Items added for the Job, Please add Items before generating Invoice.",
        "Invoice_priview": "Do you want to mark this Job as Invoiced and preview ?",
        "dialog_error_title": "Error !",
        "title_chat": "Chat",
        "title_invoice": "Invoice",
        "title_payment": "Payment",
        "items_screen_title": "Items",
        "list_item": "List Item",
        "qty": "Qty",
        "addItem_screen_title": "Add Item",
        "item": "Item",
        "fieldworker": "Fieldworker",
        "items_name": "Item’s name",
        "part_no": "Part No.",
        "hsn_code": "HSN Code",
        "description": "Description",
        "quantity": "Quantity",
        "rate": "Rate",
        "unit": "Unit",
        "discount": "Discount",
        "tax": "Tax",
        "tax_amount": "Tax Amount",
        "total_amount": "Total Amount",
        "Item_delete_button": "Delete item",
        "added_successfully": "Added successfully",
        "updated_successfully": "Updated successfully",
        "item_remove": "Are you sure you want to remove this item ?",
        "deleted_successfully": "Deleted successfully",
        "no_invoice": "Invoice items not found",
        "invoice_date": "Invoice Date",
        "due_date": "Due Date",
        "print_invoice": "Print Invoice",
        "email_invoice": "Email Invoice",
        "subject": "Subject",
        "message": "Message",
        "discountError": "Discount must not be more than 100%",
        "please_add_item": "Please add item",
        "please_enter_amount": "Please enter amount",
        "please_enter_discount": "Please enter discount",
        "please_enter_quality": "Please enter quality",
        "please_add_fieldworker": "Please add fieldworker",
        "contact_added_successfully": "Contact added successfully",
        "contact_updated_successfully": "Contact updated successfully",
        "chat_msg_hint": "Write a message here...",
        "camera": "Camera",
        "gallery": "Gallery",
        "today": "Today",
        "open_file": "Open File",
        "user_nm": "Username",
        "time": "time",
        "title_feedback": "Feedback",
        "feed_head": "Send us your feedback",
        "feed_sub_head": "How would you evaluate the quality of work performed?",
        "sign": "Signature",
        "title_history": "History",
        "title_documents": "Documents",
        "total_inv_amt": "Total Invoice Amount:",
        "paid_amt": "Paid Amount:",
        "due_amt": "Due Amount:",
        "pay_date": "Payment Date",
        "lable_pay_type": "Payment Type",
        "amt": "Amount",
        "notes": "Notes",
        "cash": "Cash",
        "cheque": "Cheque",
        "credit_card": "Credit Card",
        "debit_card": "Debit Card",
        "direct_diposite": "Direct Deposit",
        "title_cutomform": "Custom Forms",
        "switch_user": "Switching user will cancel all the offline pending request from previously logged in user",
        "new_version_msg": "A new version of EyeOnTask is now available. Please update to the latest version ",
        "eye_on_task_version": "Version EOT_VAR",
        "item_detail": "Item Detail",
        "fieldworker_detail": "Fieldworker Detail",
        "fieldworkers_name": "Fieldworker's name",
        "confirmation": "Confirmation",
        "cancel": "Cancel ",
        "remove": "Remove",
        "done": "Done",
        "settings": "Settings",
        "location_is_disabled": "Location is Disabled",
        "location_main_setting": "To enable location in device settings.Please go to Settings - > Privacy - > Location Services",
        "location_app_setting": "To enable location in EOT_VAR app settings . Please go to Settings->EOT_VAR>Location",
        "login_error": "Login Error ",
        "warning": "Warning",
        "new_version": "New Version",
        "update": "Update",
        "project_sites_screen_title": "Project / Sites",
        "contacts_screen_title": "Contacts",
        "add_contacts_screen_title": "Add Contact",
        "photo_denied": "Access to Photo library is denied.",
        "success": "Success",
        "reject": "Reject",
        "network_issue": "Network Issue",
        "submitted": "Submitted",
        "user_name_pass": "Please enter username and password",
        "user_name": "Please enter username",
        "user_pass": "Please enter a password",
        "enter_key": "Please enter a key",
        "select_valid_field_worker_name_list": "Please select valid field worker name from list",
        "enter_some_text_without_space": "Please enter some text without space",
        "start_date_must_greater_then_schedule_end_date": "Schedule start date must be greater then schedule end date",
        "start_date_must_less_then_schedule_end_date": "Schedule start date must be less then schedule end date",
        "select_schedule_start_date": "Please select Schedule start date",
        "select_schedule_end_date": "Please select Schedule end date",
        "add_atleast_one_field_worker": "Please add atleast one field worker",
        "add_client_name": "Please add client name",
        "select_job_priority_from_list": "Please select job priority from list",
        "enter_job_title": "Please enter job title",
        "no_job_title_available": "No job title available",
        "no_tag_available": "No tag is available",
        "do_you_want_reject_this_job": "Do you want to reject this job ?",
        "do_you_want_can_this_job": "Do you want to cancel this job ?",
        "location_not_available": "Location not available",
        "install_the_twitter_app": "Please install the twitter app",
        "install_the_skype_app": "Please install the skype app",
        "do_you_want_change_name_image": "Do you want to change the name of the image ?",
        "fill_all_mandatory_questions": "Please fill all mandatory questions!",
        "enter_city": "Please enter City",
        "enter_alternate_mobile_number": "Please enter alternate mobile number",
        "enter_valid_alternate_mobile_number": "Please enter valid alternate mobile number",
        "enter_valid_mobile_number": "Please enter valid mobile number",
        "tax_not_more_than_100": "Tax must not be more than 100 %",
        "select_payment_type": "Please select payment type",
        "enter_subject": "Please enter subject",
        "enter_valid_receipt_email_id": "Please enter valid receipt email id",
        "input_text_email": "Please input text in email",
        "enter_receipt_email_id": "Please enter receipt email id",
        "date_time_formate": "dd-MM-yyyy hh:mm:ss a",
        "limit_mid": "50",
        "limit_high": "120",
        "session_expire": "401",
        "new": "New",
        "accepted": "Accepted",
        "travelling": "Travelling",
        "break": "Break",
        "In_progress": "In Progress",
        "on_hold": "On Hold",
        "completed": "Completed",
        "closed": "Closed",
        "edit": "Edit",
        "job_code": "Job code",
        "status_tr_fin_st": "Travel finish / Job start",
        "no": "No",
        "yes": "Yes",
        "fill_mandtry": "Please fill all mandatory questions!",
        "job_not_fount": "Job Not Found! Please refresh list",
        "sync_alert": "Sync Alert",
        "clear_data": "Clear data",
        "payment_recv": "Payment received.",
        "password": "Password",
        "overview": "Overview",
        "add_client": "Add Client",
        "edit_client": "Edit Client",
        "edit_contact": "Edit Contact",
        "get_signature": "GetSignature",
        "more": "More",
        "documet_appear": "Job documents will appear here",
        "upload_file": "Do you want to upload this file ?",
        "save_for_future_use": "Save for future use",
        "add_your_ans": "Add Your Answer",
        "add_new_item": "Add New Item",
        "item_fw": "Item(s) / Fieldworker(s)",
        "item_desc": "Item Description",
        "qty_hr": "Qty / Hr",
        "pay_full_payment": "Pay Full Amount",
        "pay_partial_amount": "Pay Partial Amount",
        "pay_now": "Pay Now",
        "card_no.": "Card Number",
        "expr_date": "Expiry Date",
        "cvv": "CVV",
        "cr_debt_card": "Credit / Debit card",
        "net_banking": "Netbanking",
        "card_holder_nm": "Card Holder Name",
        " pay": "Pay",
        " item_not_found": "Item(s) not found for this Job",
        "user_logout_msg": "Are you sure want to logout ?",
        "hint_empty": "Job history will appear here",
        "custom_form_list": "Question will appear here",
        "client_syn": "Client not sync",
        "fr_pass_headr": "Please provide us your e - mail address and we will send you a link where you can choose a new password.",
        "fr_dont_key": "Don 't have key",
        "fr_set_key": "Please enter a password reset key",
        "new_password": "New Password",
        "no_filter": "No filter selected",
        "empty_tag": "Tag not available",
        "enter_ans": "Please enter answer",
        "update_item": "Update Item",
        "item_empty": "Please enter item / fieldworker",
        "remove_item_msg": "Item has been deleted",
        "invoice_remove": "Do you want to delete item ?",
        "update_app_message": "There is newer version of this application available on play store, please update",
        "offline_feature_alert": "This feature is not available in offline mode",
        "payment_ntwrk": "This feature is not available in offline mode.please check your internet connection",
        "payment_type": "Payment type required",
        "amount_required": "Amount required",
        "invoice_details": "invoice detail not found",
        "add_edit_item": "Item / fieldworker updated successfully",
        "fw_valid": "Please select existing fieldworker / labor from the list.",
        "job_resume": "Job Resume",
        "job_finish": "Job Finish",
        "resume": "Resume",
        "travel_start": "Travel Start",
        "accept": "Accept",
        "something_wrong": "Something went wrong here.",
        "unable_to_connect": "Unable to connect to google play services",
        "Sche_end_start_time": "Schedule end date time must be greater than schedule start date time",
        "client_added": "Client added",
        "no_chat": "No chat available",
        "no_location": "No location available",
        "user_logout": "User Logout",
        "cnf_pass": "Confirm Password",
        "update_invoice": "Update Invoice",
        "item_name": "Item name",
        "add_contact": "Add Contact",
        "job_details": "Job Details",
        "sync_msg": "Please Wait For Syncing.....",
        "add_fieldworker": "Add fieldworker",
        "add_tag": "Add tag",
        "skip": "Skip",
        "file_cant_open": "can't open this type of file !",
        "note_not_available": "Note not available",
        "Please_do_not_use_site_name": "Please do not use site name EOT_VAR",
        "edit_item_details": "Edit Item Details",
        "please_select": "Please select",
        "language": "Language",
        "changeLanguage": "Do you want to change language ?",
        "add_ayment": "Add Payment",
        "to": "To",
        "cc": "Cc",
        "err_valid_email_in_cc": "Please enter valid email in Cc",
        "create_date": "create date",
        "loading": "Loading",
        "select_option": "Select option",
        "please_select_country_first": "Please select country first",
        "please_enter_atleast_one_quantity": "Please enter atleast one quantity",
        "admin_removed_you_from_this_job": "Admin removed you from this job",
        "pass_reset_key": "Please enter a password reset key",
        "frgt_dont_key": "Don’t have key",
        "client_details": "Client Details",
        "account_details": "Account Detail",
        "contact_chkBox": "Default Contact",
        "document": "Documents",
        "sort_by": "Sort by",
        "date": "Date",
        "recent": "Recent",
        "zip": "Zip",
        "clt_added": "Client added successfully.",
        "invoice_subject_required": "Invoice subject required",
        "invoice_body_required": "Invoice body required",
        "email_required": "Email required",
        "view_details": "View Details",
        "no_form_added_for_this_job": "No form added for this job",
        "language_success": "EOT_VAR language changed successfully"
        
        
    },
    "backendMsgsModel": {
        "session_expired": "Current user Session expired, please try again.",
        "response_not_get": "Unable to connect to server, please try again.",
        "went_wrong": "Something went wrong, please try again.",
        "comp_nm": "Company name reqiured",
        "compId_req": "Company id required.",
        "clt_site_nm_req": "Client site name required.",
        "adr_req": "Address required.",
        "clt_con_nm_req": "Client contact name required.",
        "site_nm_req": "Site name required.",
        "siteId_req": "Site id required.",
        "conId_req": "Contact id required.",
        "accId_req": "Account id required.",
        "taxId_req": "Tax id required.",
        "email_req": "Email id is required.",
        "clt_nm_req": "Client Name is required.",
        "clt_mob_req": "Client Contact no. is required.",
        "state_req": "State is required.",
        "ctry_req": "Country is required.",
        "sche_time_or_cur_time_req": "Please choose one of the option either 'Default time' OR 'Hours after current time'",
        "pass_req": "Password required.",
        "key_req": "Key required.",
        "usrId_req": "User id required.",
        "api_url_req": "Api url required.",
        "request_param_req": "Request param required.",
        "resp_req": "Response required.",
        "itemId_req": "Item id required.",
        "imgId_req": "Image id required.",
        "job_or_clt_req": "Job or client required.",
        "invId_or_jobId_req": "Invoice or job id required.",
        "invId_req": "Invoice id required.",
        "inv_tempId_req": "Invoice template id required.",
        "invsetId_req": "Invoice setting id required.",
        "pro_nm_req": "Provider name is required.",
        "cltId_req": "Client id required.",
        "jobId_req": "Job id required.",
        "amount_req": "Amount is required.",
        "pay_type_req": "Payment type is required.",
        "pay_date_req": "Payment date is required.",
        "jtId_req": "Job title id required.",
        "job_type_req": "Job type required.",
        "athr_req": "Author id required.",
        "cltId_or_nm_req": "Only one required, client id or name.",
        "conId_or_nm_req": "Only one required, contact id or name.",
        "siteId_or_nm_req": "Only one required, site id or name.",
        "st_req": "Status required.",
        "dt_req": "Date time required.",
        "feedId_req": "Feedback id required.",
        "frmId_req": "Form id required.",
        "que_des_req": "Question description required.",
        "frm_nm_req": "Form name required.",
        "jaId_req": "Job attachment id required.",
        "lat_req": "latitude is required.",
        "lng_req": "Longitude is required.",
        "quotId_req": "Quotation id required.",
        "clt_con_email_req": "Client contact email required.",
        "quotId_or_cltId_req": "Quotation or client required.",
        "usr_fnm_req": "User first name required.",
        "usr_email_req": "User email required.",
        "usr_username_req": "User name required.",
        "old_pass_req": "Old password required.",
        "new_pass_req": "New password required.",
        "usr_detailId_req": "User detail id required.",
        "clt_added": "Client added successfully.",
        "clt_not_added": "Unable to add client, please try again.",
        "clt_found": "Client found.",
        "clt_not_found": "Could not find the client, please try again.",
        "clt_updated": "Client updated successfully.",
        "clt_not_updated": "Unable to update client details, please try again.",
        "clt_deleted": "Client deleted.",
        "clt_not_deleted": "Unable to delete client, please try again.",
        "cant_delete_clt_used": "You can't delete this client, because it is already used.",
        "site_added": "Site added successfully.",
        "site_not_added": "Unable to add site, please try again.",
        "site_found": "Site data found.",
        "site_not_found": "Could not find the site.",
        "site_updated": "Site updated successfully.",
        "site_not_updated": "Unable to update site details, please try again.",
        "cant_delete_site_in_use": "You can't delete this site, because it is already used.",
        "con_not_added": "Unable to add Contact, please try again.",
        "con_found": "Contact details found.",
        "con_not_found": "Could not find Contact.",
        "con_not_updated": "Unable to update Contact details, please try again.",
        "def_con_cant_delete": "This is default client contact,you can't delete this contact.",
        "con_deleted": "Contact deleted.",
        "con_not_deleted": "Unable to delete Contact, please try again.",
        "cant_delete_con_used": "You can't delete this contact, because it is already used.",
        "acct_type_added": "Company account type added successfully.",
        "acct_type_not_added": "Unable to add Company account type,please try again.",
        "acct_type_not_found": "Can not find Company account type, please try again.",
        "acct_type_updated": "Company account type updated successfully.",
        "acct_type_not_updated": "Unable to update Company account type, please try again.",
        "acct_type_deleted": "Company account type deleted.",
        "acct_type_not_deleted": "Unable to delete Company account type, please try again.",
        "cant_delete_acct_type_used": "You can't delete this Company account type, because it is already used.",
        "tax_type_added": "Tax type added successfully.",
        "tax_type_not_added": "Unable to add Tax type, please try again.",
        "tax_found": "Tax found.",
        "tax_not_found": "Unable to fetch Tax data, please try again.",
        "tax_updated_already_used": "Tax label updated but you can't deactivate this tax, because it is already used in invoice.",
        "tax_type_updated": "Tax type updated successfully.",
        "tax_type_not_updated": "Unable to update Tax type, please try again.",
        "tax_type_deleted": "Tax type deleted.",
        "tax_type_not_deleted": "Unable to delete Tax type, please try again.",
        "cant_delete_tax_type_used": "You can't delete this tax type, because it is already used.",
        "curr_updated": "Currency updated successfully.",
        "curr_not_updated": "Unbale to update Currency, please try again.",
        "comp_set_not_found": "Unable to get Company settings, please try again.",
        "comp_logo_updated": "Company logo updated successfully.",
        "comp_logo_not_updated": "Unable to update Company logo, please try again.",
        "comp_set_updated": "Company setting updated successfully.",
        "comp_set_not_updated": "Unable to update Company setting, please try again.",
        "data_imported": "Data imported successfully.",
        "invalid_file": "Invalid File Type. Please Upload Excel File.",
        "comp_job_set_updated": "Company Job setting updated successfully.",
        "comp_job_set_not_updated": "Unable to update Company Job setting, please try again.",
        "clt_mail_exist": "Client email already exists, please try with different  email.",
        "clt_mail_not_exist": "Client email does not exists.",
        "usr_mail_exist": "User email already exists, please try with different email.",
        "usr_mail_not_exist": "User email does not exist.",
        "already_member_eot": "You are already a member of EyeOnTask.",
        "comp_name_already_exist": "Company name already exists, please try with new company name.",
        "ac_exist_with_mail": "An account with this email address already exists.",
        "comp_not_reg": "Company is not registered, please try again.",
        "comp_already_exist": "This company already exists.",
        "comp_couldnt_reg": "Company could not be registered, please try again.",
        "ver_code_not_sent": "Your EyeOnTask verification code has not been sent, Please try again.",
        "already_verified": "You are already verified, please try again.",
        "successfully_verified": "You are successfully verified, please login using username and password,which is sent to <b>%s</b>. If you do not get the email then please contact Eyeontask support Team (support@eyeontask.com).",
        "comp_verified_supAdmin_couldnt_reg": "Company verified but super admin could not register,please try again.",
        "verify_code_wrong": "Your verification code is wrong, please re-enter.",
        "not_active_usr": "You are not an active user.",
        "cant_login_removed_by_comp": "You can't login again because you are removed by this company.",
        "cant_login_not_admin": "You can't login here because you are not an admin.",
        "cant_login_not_fw": "You can't login here because you are not a user.",
        "trial_expired": "Your trial period has been expired, please contact to EyeOnTask support team.",
        "remaining_days": "You have {{daysLeft}} day(s) left for trial period.",
        "login_success": "Login successfully.",
        "query_failed": "Query failed, please try again.",
        "usrnm_pass_not_match": "Username or password does not match.",
        "mail_sent_pass_reset": "A mail has been sent to your registered email id with password reset instructions.",
        "mail_not_found": "Email not found.",
        "key_matched": "Key matched.",
        "key_expired": "Key has been expired, please try again.",
        "invalid_key": "Invalid key.",
        "pass_reset_success": "Password changed successfully.",
        "error_change_pass": "Error while changing password, please try again.",
        "not_reg_with_any_comp": "You are not registered with any company. Please contact to your company admin.",
        "reg_with_multi_comp": "You are register with multiple companies, please select one company.",
        "mail_sent": "A mail has been sent successfully.",
        "error_in_mail_send": "Error while sending mail, please try again.",
        "fw_removed_from_job": "This fieldworker has been removed from the job.",
        "job_not_exist": "This job does not exist.",
        "partno_already_exist": "Item part no. already exist, please try with different item.",
        "item_added": "Item added successfully.",
        "item_not_added": "Unable to add Item, please try again.",
        "error_in_uploading": "Error! while uploading file, please try again.",
        "item_not_found": "Can not find the Item, please try again.",
        "item_updated": "Item updated successfully.",
        "item_not_updated": "Unable to update Item details, please try again.",
        "item_image_deleted": "Image deleted.",
        "item_image_not_deleted": "Unable to delete Image, please try again.",
        "item_deleted": "Item deleted.",
        "item_not_deleted": "Unable to delete Item, please try again.",
        "cant_delete_item_in_use": "You can't delete this item, because it is already used.",
        "inv_added": "Invoice added successfully.",
        "inv_not_added": "Unable to add Invoice, please try again.",
        "inv_found": "Invoice data found.",
        "inv_not_found": "Can not find Invoice details, please try again.",
        "inv_updated": "Invoice updated successfully.",
        "inv_not_updated": "Unable to update Invoice, please try again.",
        "inv_deleted": "Invoice deleted.",
        "inv_not_deleted": "Unable to delete Invoice, please try again.",
        "cant_delete_paid_inv": "Paid invoice can not be deleted.",
        "inv_temp_added": "Invoice template added successfully.",
        "inv_temp_not_added": "Unable to add Invoice template, please try again.",
        "inv_temp_not_get": "Can not find Invoice template, please try again.",
        "inv_temp_updated": "Invoice template updated successfully.",
        "inv_temp_not_updated": "Unable to update Invoice template, please try again.",
        "inv_set_found": "Invoice setting data found.",
        "inv_set_not_found": "Can not find Invoice settings, please try again.",
        "inv_set_updated": "Invoice settings updated successfully.",
        "inv_set_not_updated": "Unable to update Invoice settings, please try again.",
        "invset_logo_updated": "Invoice settings logo updated successfully.",
        "invset_logo_not_updated": "Unable to update Invoice settings logo, please try again.",
        "pay_received": "Payment received successfully.",
        "pay_not_recieved": "Unable to receive Payment.",
        "stock_added": "Stock added successfully.",
        "stock_not_added": "Unable to add Stock , please try again.",
        "jt_already_exist": "Job title already exist, please try with different title.",
        "jt_added": "Job title added successfully.",
        "jt_not_added": "Unable to add Job title, please try again.",
        "jt_found": "Job title found.",
        "jt_not_found": "Can not find the Job title, please try again.",
        "jt_updated": "Job title updated successfully.",
        "jt_not_updated": "Unable to update Job title, please try again.",
        "jt_deleted": "Job title deleted.",
        "jt_not_deleted": "Unable to delete Job title, please try again.",
        "cant_dlt_jt_inuse": "You can't delete this job title, because it is already used.",
        "job_added": "Job added successfully.",
        "job_not_added": "Unable to add Job, please try again.",
        "job_found": "Job data found.",
        "job_not_found": "Can not find Job data, please try again.",
        "job_pri_changed": "Job priority changed successfully.",
        "job_pri_not_changed": "Unable to change Job priority, please try again.",
        "job_st_changed": "Job status changed successfully.",
        "job_st_not_changed": "Unable to change Job status, please try again.",
        "job_updated": "Job updated successfully.",
        "job_not_updated": "Unable to update Job details, please try again.",
        "job_and_inv_deleted": "Job and invoice both are deleted now.",
        "job_and_inv_not_deleted": "Unable to delete Job and invoice, please try again.",
        "cant_delete_job_inv_paid": "Job cannot be deleted because invoice on this job is already paid.",
        "job_deleted": "Job deleted.",
        "job_not_deleted": "Unable to delete Job, please try again.",
        "jt_changed": "Job title updated successfully.",
        "jt_not_changed": "Unable to update Job title, please try again.",
        "error_occur": "Please try again, something is not right!",
        "job_kpr_changed": "Job keeper updated successfully.",
        "job_kpr_not_changed": "Unable to udapte Job keeper, please try again.",
        "feed_added": "Feedback added successfully.",
        "feed_not_added": "Unable to add Feedback, please try again.",
        "feed_deleted": "Feedback deleted.",
        "feed_not_deleted": "Unable to delete Feedback, please try again.",
        "Completion_detail_added": "Completion details added successfully.",
        "Completion_detail_not_added": "Unable to add Completion detail, please try again.",
        "que_added": "Question added successfully.",
        "que_not_added": "Unable to add Question, please try again.",
        "que_updated": "Question updated successfully.",
        "not_change_que_type": "This question type can not be changed because it has already been answered.",
        "que_not_updated": "Unable to update Question, please try again.",
        "que_deleted": "Question deleted.",
        "que_and_orderno_empty": "Question id and orderno required.",
        "que_order_update_success": "Question order successfully updated.",
        "que_not_deleted": "Unable to delete Question, please try again.",
        "que_not_deleted_answerd": "Unable to delete Question, Because it has already been answered.",
        "ans_added": "Answer added successfully.",
        "ans_not_added": "Unable to add Answer, please try again.",
        "frm_added": "Form added successfully.",
        "frm_not_added": "Unable to add Form, please try again.",
        "frm_not_found": "Can not find Form data, please try again.",
        "frm_updated": "Form updated successfully.",
        "frm_not_updated": "Unable to update Form, please try again.",
        "frm_deleted": "Form deleted .",
        "frm_not_deleted": "Unable to delete Form, please try again.",
        "frm_not_deleted_ques_answerd": "Unable to delete Form, Because it has already been answered.",
        "Completion_detail_found": "Completion detail data found.",
        "Completion_detail_not_found": "Can not find Completion details, please try again.",
        "msg_added": "Message added successfully.",
        "msg_not_added": "Unable to add Message, please try again.",
        "doc_uploded": "Document uploaded successfully.",
        "doc_not_uploded": "Unable to update Document, please try again.",
        "doc_deleted": "Document deleted.",
        "doc_not_deleted": "Unable to delete Document, please try again.",
        "jobs_found_radius": "Jobs found in radius {{radius}}",
        "jobs_not_found": "Jobs not found.",
        "fw_found_radius": "Fieldworkers found in radius ",
        "fw_not_found_radius": "No Fieldworkers in given radius.",
        "invalid_extension": "The filetype you are attempting to upload is not allowed.",
        "job_code_already_exist": "This job code already exists, please try with other job code.",
        "quot_added": "Quotation added successfully.",
        "quot_not_added": "Unable to add Quotation, please try again.",
        "quot_found": "Quotation data found.",
        "quot_not_found": "Unable to fetch Quotation data, please try again.",
        "quot_st_changed": "Quotation status updated successfully.",
        "quot_st_not_changed": "Unable to update Quotation status, please try again.",
        "quot_updated": "Quotation updated successfully.",
        "quot_not_updated": "Unable to update Quotation details, please try again.",
        "quot_deleted": "Quotation deleted.",
        "quot_not_deleted": "Unable to delete Quotation, please try again.",
        "quot_inv_added": "Quotation invoice added successfully.",
        "quot_inv_not_added": "Unable to add Quotation invoice, please try again.",
        "quot_inv_found": "Quotation invoice data found.",
        "quot_inv_not_found": "Can not find Quotation invoice, please try again.",
        "quot_inv_not_updated": "Unable to update Quotation invoice, please try again.",
        "quot_inv_updated": "Quotation invoice updated successfully.",
        "quot_inv_deleted": "Quotation invoice deleted.",
        "quot_inv_not_deleted": "Unable to delete Quotation invoice, please try again.",
        "quot_to_job": "Quotation is converted into Job successfully.",
        "quot_to_job_fail": "Can not convert quotation into job, please try again.",
        "email_exist": "This email already exists, please try with other email.",
        "usr_reg_mail_sent": "User registered and mail sent successfully.",
        "usr_not_reg": "Unable to register User, please try again.",
        "usr_not_found": "Can not find User data.",
        "usr_updated": "User updated successfully.",
        "usr_not_updated": "Unable to update User, please try again.",
        "loc_updated": "Location updated successfully.",
        "loc_not_updated": "Unable to update Location, please try again.",
        "usr_deleted": "User deleted.",
        "usr_not_deleted": "Unable to delete User, please try again.",
        "cant_delete_usr_in_use": "You can't delete this user, because it is already used.",
        "rights_found": "Rights found.",
        "rights_not_found": "Rights not found.",
        "pass_changed": "Password changed successfully.",
        "pass_not_changed": "Unable to change the Password, please try again..",
        "old_pass_not_match": "Old password does not match, please try again.",
        "usr_found": "User data found",
        "logout_success": "Logged out successfully.",
        "logout_error": "Some issues in logging you out, please try again.",
        "already_reg_mail_sent": "You are already registered on EyeOnTask with this email and verification code has been sent again to <b> %s </b>. If you didn\"t get the email then please contact to EyeOnTask support team.",
        "success_reg_code_sent": "You are successfully registered and verification code has been sent to <b> %s </b>. If you didn\"t get the email then please contact to EyeOnTask support team.",
        "ver_code_sent": "Your EyeOnTask verification code has been successfully sent to <b> %s </b>. If you didn\"t get the email then please contact to EyeOnTask support team.",
        "def_site_cant_dlt": "This is default client site.So, you can't delete this site.",
        "site_deleted": "Site deleted.",
        "site_not_deleted": "Unable to delete this Site, please try again.",
        "queId_req": "Question id required.",
        "data_not_found": "Data not found.",
        "startdt_req": "Start date is required.",
        "enddt_req": "End date is required.",
        "clt_rec": "Successfully got the client records ",
        "no_clt_rec": "Can not find Client records.",
        "job_rec": "Successfully got the job records ",
        "no_job_rec": "Can not find the Job records.",
        "total_rev": "Successfully got the total revenue per month ",
        "rev_not_found": "Can not find Revenue.",
        "total_fw": "Successfully got the total fieldworker on job.",
        "fw_not_found": "Fieldworker not found on job.",
        "registration_ver_code_sub": "EyeOnTask - Registration verification code for company.",
        "registration_ver_code_body": "Your EyeOnTask company <b> %s </b> verification code is: <b> %s </b><br /><br />Support team,<br />EyeOnTask!",
        "successfully_registered_sub": "EyeOnTask - Registration confirmation mail.",
        "successfully_registered_body": "Thanks for signing up for Eyeontask, %s!<br><br> Your registered email: %s <br><br> We hope you will make the most benefits with our program and increase your business with effective field management tools.<br></br> Feel free to drop an email if you have any questions or need any assistance with setting up on Eyeontask.<br><br> Glad to see that you have taken up an important step towards increasing your business.",
        "pass_reset_sub": "EyeOnTask - Forgot password reset",
        "pass_reset_body": "<b>Hi %s %s </b>,<br><br>You recently requested to reset your password for your EyeOnTask account. Here is your password reset key.</br></br> <b><h1> %s </h1></b><br>This key will expire in 24 hours, please use this to reset your password.<br><br>Support team,<br>EyeOnTask",
        "error_log_mail_sub": "EyeOnTask - Error log mail.",
        "error_log_mail_body": "Hello Team, <br><br> -------------------------------------------------<br> <b>Version :</b> %s <br><br> <b>API Url :</b> %s <br><br> <b>Request Params :</b> %s <br><br> <b>Response :</b> %s <br><br> ----<br><br> Support team,<br />EyeOnTask!",
        "usr_successfully_reg_sub": "EyeOnTask - Registration confirmation mail.",
        "usr_successfully_reg_body": "You are successfully registered with EyeOnTask!<br><br> Please sign in to EyeOnTask app <br><br>Here are your login details.<br> ----<br> Username: %s <br> Password: %s <br> ----<br><br> Support team,<br/>EyeOnTask",
        "admin_changed_pass_sub": "EyeOnTask - Admin changed your password.",
        "admin_changed_pass_body": "Your EyeOnTask company name <b> %s </b> and company code is: <b> %s </b> has changed your password. Now your password is %s, <br />Please use this password to login again <br /><br />Support team,<br />EyeOnTask!",
        "admin_changed_email_sub": "EyeOnTask - Admin changed email id.",
        "admin_changed_email_body": "Your EyeOnTask company name <b> %s </b> and company code is: <b> %s </b> has changed your email id. Now your register email id is %s, <br />Please use this email id to login again <br /><br />Support team,<br />EyeOnTask!",
        "assigned_new_job": "<b>Hi %s %s</b>, <br><br>You have been assigned a new job. Your job code is <b>%s</b>, please check job details. <br><br>Support team, <br>EyeOnTask",
        "job_status_changed": "<b>Hi %s %s</b>,<br><br> Job status changed from <b> %s </b> to <b> %s </b> where job code is <b>%s</b>",
        "assigned_job_updated": "<b>Hi %s %s</b>,<br><br> One of your assigned job has been updated. Job code is <b>%s</b>, please check the updated job details. <br><br>Support team, <br>EyeOnTask",
        "removed_from_job": "<b>Hi %s %s</b>, <br><br>You have been removed from this job where job code is <b>%s</b>. <br><br>Support team, <br>EyeOnTask",
        "username_found": "Username found.",
        "username_not_found": "Username not found.",
        "username_taken": "Username already taken, please try another.",
        "username_req": "Username is required.",
        "user_email_not_found": "Your user name not having email id, please contact to administrator.",
        "user_not_auth": "User Not Authorized.",
        "already_synch": "Request already synch.",
        "invoice_body_req": "Invoice body required.",
        "invoice_subject_req": "Invoice subject required.",
        "invoice_email_to": "Invoice recipient email id required.",
        "invoice_mail_success": "Invoice generated and mail sent successfully.",
        "invoice_mail_not_success": "Invoice generated but mail not send.",
        "template_not_found": "Invoice default template not found.",
        "lat_lng_added": "User latitude and Longitude saved successfully.",
        "lat_lng_not_added": "User latitude and Longitude not saved.",
        "fw_lat_long_found": "User latitude and Longitude found.",
        "fw_lat_long_not_found": "User latitude and Longitude not found.",
        "req_date": "Date required.",
        "gsp_setting_success": "GPS setting successfully updated.",
        "gsp_setting_not_success": "GPS setting not update.",
        "msg_req": "Message is required.",
        "noti_send_success": "Notification send successfully.",
        "noti_not_send": "Notification not send because user either cancelled or rejected job.",
        "subs_data_found": "Subscription data found.",
        "subs_data_not_found": "Subscription data not found.",
        "not_active_clt": "You are not an active client.",
        "mail_success": "Mail sent successfully.",
        "clt_usrnm_already_exist": "Client username already exists, please try with different username.",
        "client_auth_sub": "EyeOnTask - Customer Portal Auth Detail.",
        "client_auth_body": "You are successfully registered with EyeOnTask\"s Customer Portal!<br><br> Please sign in to Customer Portal : (%s) <br><br>Here are your login details.<br> -------------------------------------------------<br> Username: %s <br> Password: %s <br> -------------------------------------------------<br><br>Support team,<br />EyeOnTask",
        "etempId_req": "Email template id required",
        "emailTrigger_exist": "Email template trigger already exist",
        "email_type": "Email template type required",
        "email_temp_add": "Email template added successfully.",
        "email_temp_not_add": "Unable to add Email template, please try again.",
        "email_temp_update": "Email template update successfully.",
        "email_temp_not_update": "Unable to update Email template, please try again.",
        "email_temp_dlt": "Email template delete successfully.",
        "email_temp_not_dlt": "Unable to delete Email template, please try again.",
        "email_temp_not_found": "email template not found.",
        "emailSub_req": "Email template subject required",
        "emailBody_req": "Email template body required",
        "smstempId_req": "SMS template id required",
        "smsTrigger_req": "SMS template trigger required",
        "sms_temp_add": "SMS template added successfully.",
        "sms_temp_not_add": "Unable to add SMS template, please try again.",
        "sms_temp_update": "SMS template update successfully.",
        "sms_temp_not_update": "Unable to update SMS template, please try again.",
        "sms_temp_dlt": "SMS template delete successfully.",
        "sms_temp_not_dlt": "Unable to delete SMS template, please try again.",
        "sms_temp_not_found": "SMS template not found.",
        "smsBody_req": "SMS template body required",
        "smsTrigger_Exist": "SMS template trigger already exist",
        "smsTrigger_change": "the trigger, you have want to change already exist.",
        "itemData_req": "Did not send item data blank",
        "tax_label_exist": "Tax label already exists, please try with different label.",
        "tax_label_req": "Tax label required.",
        "quot_body_req": "Quotation body required.",
        "quot_subject_req": "Quotation subject required.",
        "quot_email_to": "Quotation recipient email id required.",
        "quot_mail_success": "Quotation generated and mail sent successfully.",
        "quot_mail_not_success": "Quotation generated but mail not send.",
        "inv_quot_upd_permsn": "Comapany permission updated successfully.",
        "inv_quot_not_upd_permsn": "Unable to update Company permission, please try again.",
        "inv_pdf_success": "Invoice PDF generated successfully.",
        "inv_pdf_not_success": "Invoice PDF not generated.",
        "quot_pdf_success": "Quotation PDF generated successfully.",
        "quot_pdf_not_success": "Quotation PDF not generated.",
        "jobcard_body_req": "Jobcard body required.",
        "jobcard_subject_req": "Jobcard subject required.",
        "jobcard_email_to": "Jobcard recipient email id required.",
        "jobcard_pdf_success": "Job Card PDF generated successfully.",
        "jobcard_pdf_not_success": "Job Card PDF not generated.",
        "jobcard_mail_success": "Jobcard generated and mail sent successfully.",
        "jobcard_mail_not_success": "Jobcard generated but mail not send.",
        "jobcard_template_not_found": "Jobcard default template not found.",
        "temp_found": "Jobcard template found.",
        "inv_generate_success": "Invoice generated successfully.",
        "inv_generate_change_not_found": "No changes found.",
        "rf_added": "Filter saved successfully.",
        "rf_not_added": "Filter has not been saved, please try again.",
        "rf_not_found": "Filter not found.",
        "rfId_req": "Filter id required.",
        "inv_code_already_exist": "This invoice code already exists, please try with other invoice code.",
        "comp_set_found": "Company setting data found."
        
    }
}
